{
  "deterministic": true,
  "full_present_pct": 0.0,
  "hot_path_p95_ms": {
    "hit_test": 0.014001749999999999,
    "input": 0.04353539999999997,
    "mount": 0.08615209999999998,
    "present": 0.017522599999999996,
    "raster": 0.0010639499999999986
  },
  "hot_path_share_pct": {
    "hit_test": 8.628366028699292,
    "input": 26.82802981097612,
    "mount": 53.0899246837791,
    "present": 10.798036429338202,
    "raster": 0.6556430472072847
  },
  "incremental_present_pct": 100.0,
  "jitter_ms": 0.08122484999999996,
  "p95_dirty_area_ratio": 1.101858125,
  "p95_frame_total_ms": 0.22814134999999997,
  "p95_input_to_present_ms": 16.666666666666668,
  "p99_frame_total_ms": 0.7380812499999961,
  "scenario": "drag",
  "top_hot_path_stage": "mount"
}
