{
  "deterministic": true,
  "full_present_pct": 0.0,
  "hot_path_p95_ms": {
    "hit_test": 0.0125566,
    "input": 0.03696249999999997,
    "mount": 0.08668749999999997,
    "present": 0.011312799999999984,
    "raster": 0.0010431
  },
  "hot_path_share_pct": {
    "hit_test": 8.452065628944052,
    "input": 24.880100967606218,
    "mount": 58.35086243163653,
    "present": 7.614842238115265,
    "raster": 0.7021287336979388
  },
  "incremental_present_pct": 100.0,
  "jitter_ms": 0.07699355,
  "p95_dirty_area_ratio": 1.0,
  "p95_frame_total_ms": 0.22513955,
  "p95_input_to_present_ms": 16.666666666666668,
  "p99_frame_total_ms": 0.9588349399999944,
  "scenario": "drag",
  "top_hot_path_stage": "mount"
}
